Amplitude (mm),Mode,Peak bending strain,Peak von Mises stress (MPa),Yield utilization,Below yield
0.0,1,0.0,0.0,0.0,True
0.0,2,0.0,0.0,0.0,True
0.0,3,0.0,0.0,0.0,True
0.0,4,0.0,0.0,0.0,True
0.0,5,0.0,0.0,0.0,True
0.0,6,0.0,0.0,0.0,True
0.5,1,0.0007106115168784338,137.14802275753772,0.12432274346828477,True
0.5,2,0.0028424460675137353,548.5920910301509,0.4972909738731391,True
0.5,3,0.006395503651905903,1234.3322048178393,1.1189046912145628,False
0.5,4,0.011369784270054941,2194.3683641206035,1.9891638954925563,False
0.5,5,0.017765287921960842,3428.7005689384428,3.108068586707119,False
0.5,6,0.02558201460762361,4937.328819271357,4.475618764858251,False
1.0,1,0.0014212230337568676,274.29604551507543,0.24864548693656954,True
1.0,2,0.0056848921350274705,1097.1841820603017,0.9945819477462782,True
1.0,3,0.012791007303811806,2468.6644096356786,2.2378093824291256,False
1.0,4,0.022739568540109882,4388.736728241207,3.9783277909851127,False
1.0,5,0.035530575843921684,6857.4011378768855,6.216137173414238,False
1.0,6,0.05116402921524722,9874.657638542714,8.951237529716503,False
1.5,1,0.0021318345506353017,411.4440682726132,0.37296823040485433,True
1.5,2,0.008527338202541207,1645.7762730904528,1.4918729216194173,False
1.5,3,0.019186510955717707,3702.9966144535174,3.356714073643688,False
1.5,4,0.03410935281016483,6583.105092361811,5.967491686477669,False
1.5,5,0.05329586376588252,10286.101706815327,9.324205760121355,False
1.5,6,0.07674604382287083,14811.98645781407,13.426856294574751,False
2.0,1,0.0028424460675137353,548.5920910301509,0.4972909738731391,True
2.0,2,0.011369784270054941,2194.3683641206035,1.9891638954925563,False
2.0,3,0.02558201460762361,4937.328819271357,4.475618764858251,False
2.0,4,0.045479137080219764,8777.473456482414,7.956655581970225,False
2.0,5,0.07106115168784337,13714.802275753771,12.432274346828477,False
2.0,6,0.10232805843049445,19749.31527708543,17.902475059433005,False
2.5,1,0.003553057584392169,685.7401137876886,0.6216137173414239,True
2.5,2,0.014212230337568675,2742.9604551507546,2.4864548693656956,False
2.5,3,0.03197751825952952,6171.661024089197,5.594523456072814,False
2.5,4,0.0568489213502747,10971.841820603018,9.945819477462782,False
2.5,5,0.08882643960980421,17143.502844692215,15.540342933535596,False
2.5,6,0.12791007303811808,24686.644096356787,22.378093824291255,False
3.0,1,0.004263669101270603,822.8881365452264,0.7459364608097087,True
3.0,2,0.017054676405082413,3291.5525461809057,2.9837458432388346,False
3.0,3,0.03837302191143541,7405.993228907035,6.713428147287376,False
3.0,4,0.06821870562032965,13166.210184723623,11.934983372955339,False
3.0,5,0.10659172753176505,20572.203413630654,18.64841152024271,False
3.0,6,0.15349208764574165,29623.97291562814,26.853712589149502,False
3.5,1,0.0049742806181490365,960.0361593027641,0.8702592042779934,True
3.5,2,0.019897122472596146,3840.1446372110563,3.4810368171119737,False
3.5,3,0.04476852556334132,8640.325433724875,7.832332838501939,False
3.5,4,0.07958848989038458,15360.578548844225,13.924147268447895,False
3.5,5,0.12435701545372589,24000.903982569096,21.75648010694983,False
3.5,6,0.17907410225336529,34561.3017348995,31.329331354007756,False
4.0,1,0.0056848921350274705,1097.1841820603017,0.9945819477462782,True
4.0,2,0.022739568540109882,4388.736728241207,3.9783277909851127,False
4.0,3,0.05116402921524722,9874.657638542714,8.951237529716503,False
4.0,4,0.09095827416043953,17554.946912964828,15.91331116394045,False
4.0,5,0.14212230337568674,27429.604551507542,24.864548693656953,False
4.0,6,0.2046561168609889,39498.63055417086,35.80495011886601,False
4.5,1,0.0063955036519059046,1234.3322048178395,1.118904691214563,False
4.5,2,0.025582014607623618,4937.328819271358,4.475618764858252,False
4.5,3,0.057559532867153124,11108.989843360552,10.070142220931064,False
4.5,4,0.10232805843049447,19749.315277085432,17.90247505943301,False
4.5,5,0.1598875912976476,30858.305120445984,27.97261728036407,False
4.5,6,0.2302381314686125,44435.95937344221,40.28056888372426,False
5.0,1,0.007106115168784338,1371.4802275753773,1.2432274346828478,False
5.0,2,0.02842446067513735,5485.920910301509,4.972909738731391,False
5.0,3,0.06395503651905904,12343.322048178394,11.189046912145628,False
5.0,4,0.1136978427005494,21943.683641206037,19.891638954925565,False
5.0,5,0.17765287921960843,34287.00568938443,31.080685867071193,False
5.0,6,0.25582014607623615,49373.288192713575,44.75618764858251,False
