Amplitude,Mode 1,Mode 2,Mode 3,Mode 4,Mode 5,Mode 6
0.0,0.0,0.0,0.0,0.0,0.0,0.0
0.5,0.5892673912637925,2.322795055530502,5.102316781989691,8.77818547052649,13.167229318884665,18.072239941985167
1.0,2.322795055530502,8.77818547052649,18.072239941985167,28.673779549852153,39.29290061444046,49.09297761018041
1.5,5.102316781989691,18.072239941985167,34.04464477388876,49.09297761018041,61.4605250783036,70.93604452389634
2.0,8.77818547052649,28.673779549852153,49.09297761018041,64.92512792843745,75.85715440008644,83.11929531138138
2.5,13.167229318884665,39.29290061444046,61.4605250783036,75.85715440008644,84.51205220808936,89.70692148801392
3.0,18.072239941985167,49.09297761018041,70.93604452389634,83.11929531138138,89.70692148801392,93.38917182474673
3.5,23.299746829372726,57.669687304752216,77.96379161579506,87.93292617468751,92.90724063938988,95.55057688601097
4.0,28.673779549852153,64.92512792843745,83.11929531138138,91.16880412504422,94.94709926920817,96.88263881802283
4.5,34.04464477388876,70.93604452389634,86.9054006077463,93.38917182474673,96.2928241816556,97.74048743512918
5.0,39.29290061444046,75.85715440008644,89.70692148801392,94.94709926920817,97.20951692572221,98.31457022890746
